1,1,"De Pham","1983-10-24","Male",1
2,2,"Nghia Cook","1967-09-07","Male",2
3,3,"Paul Delacruz","1971-04-03","Male",3
4,4,"Derek Russell","1955-10-02","Male",4
5,5,"Connie Murphy","1958-02-05","Female",5
6,6,"Tracy Hernandez","1978-11-15","Female",6
7,7,"Holly Baker","1985-03-10","Female",7
8,8,"Corey Sellers","1980-05-18","Male",8
9,9,"Stephen Graham","1985-07-11","Male",9
10,10,"Stephen Lawson","1984-01-08","Male",44
11,11,"Sharon Ruiz","1964-03-21","Female",35
12,12,"Scott Greene","1972-06-27","Male",36
13,13,"Teresa Bullock","1960-03-10","Female",10
14,14,"Meredith Cannon","1975-03-07","Female",22
15,15,"Jeffrey Baker","1987-09-30","Male",11
16,16,"Melinda Conley","1990-09-03","Female",12
17,17,"Phillip Fernandez","1987-04-13","Male",13
18,18,"Kelly Arnold","1978-06-22","Female",37
19,19,"Erica Wright","1966-09-11","Female",14
20,20,"John Shea","1999-05-30","Male",23
21,21,"Kristen Gonzalez","1970-01-06","Female",10
22,22,"Michael Mitchell","1968-02-14","Male",5
23,23,"Todd Carr","1987-02-27","Male",7
24,24,"Erica Patel","1968-09-02","Female",45
25,25,"Juan Patterson","1985-09-10","Male",24
26,26,"Samantha Jordan","2002-04-22","Female",46
27,27,"Stacey Abbott","1971-01-20","Female",1
28,28,"Randy Morris","1981-03-17","Male",8
29,29,"Shelby Fitzpatrick","1990-09-01","Female",5
30,30,"Patricia Kelly","1979-04-08","Female",24
31,31,"Christopher Jackson","1983-06-08","Male",7
32,32,"Tammy Larson","1991-01-24","Female",25
33,33,"Eric Hill","1983-11-02","Male",46
34,34,"Gary Patel","1968-05-21","Male",14
35,35,"Melanie Wagner","1961-03-18","Female",26
36,36,"Erica Anderson","1963-01-19","Female",15
37,37,"Dominic Lam","1984-06-02","Male",6
38,38,"Joshua Bass","1976-08-15","Male",16
39,39,"Brian Williams","1961-11-04","Male",30
40,40,"Lance Powell","1987-08-25","Male",17
41,41,"Lauren Quinn","1968-05-02","Female",31
42,42,"Monica Dunn","1957-03-10","Female",46
43,43,"Deborah Odonnell","1981-06-28","Female",9
44,44,"James Olson","2000-10-29","Male",45
45,45,"Samantha Johnson","2001-12-19","Female",16
46,46,"Wendy Carroll","1961-08-30","Female",45
47,47,"Bonnie Walsh","1968-02-13","Female",26
48,48,"Melissa Hernandez","1964-08-02","Female",49
49,49,"Stephanie Martin","1998-04-17","Female",2
50,50,"William Johnson","1979-11-21","Male",10
51,51,"Michelle Robinson","1961-12-29","Female",3
52,52,"Mario Bryant","1969-09-22","Male",1
53,53,"Angel Townsend","1995-08-27","Male",22
54,54,"Jason Cabrera","1995-11-04","Male",13
55,55,"Kimberly Anderson","1995-01-12","Female",7
56,56,"Ronnie Hernandez","1989-07-13","Male",3
57,57,"Dorothy Barber","1990-11-06","Female",18
58,58,"Charlotte Garcia","1980-06-08","Female",45
59,59,"Shaun Madden","1959-07-02","Male",7
60,60,"Cameron Schaefer","2003-03-29","Male",49
61,61,"David Stephens","1965-06-08","Male",37
62,62,"Anthony Lindsey","1961-10-22","Male",38
63,63,"Jeffrey Perez","1987-12-05","Male",8
64,64,"Willie Dean","1973-12-15","Male",31
65,65,"Laurie Williams","1958-02-22","Female",11
66,66,"Beth Thomas","1999-03-31","Female",10
67,67,"Brenda Brown","1988-01-29","Female",46
68,68,"Jason Martin","1998-10-13","Male",39
69,69,"Victoria Macdonald","1962-11-15","Female",40
70,70,"Sandra Meyers","1981-04-29","Female",14
71,71,"Mark Rivers","2001-08-03","Male",27
72,72,"Candace Mckenzie","1966-09-04","Female",2
73,73,"Kristen Ballard","1975-09-25","Female",6
74,74,"Eric Hernandez","1974-10-25","Male",30
75,75,"Jeremy Reid","1982-02-09","Male",22
76,76,"Kimberly Thompson","1995-10-15","Female",38
77,77,"Beth Duke","1982-01-17","Female",47
78,78,"Michelle Campbell","1997-06-11","Female",4
79,79,"Pamela Ortega","2003-07-20","Female",39
80,80,"James Crawford","1960-05-17","Male",19
81,81,"Brian Mueller","2001-10-05","Male",28
82,82,"Jeremy Anderson","1964-07-23","Male",17
83,83,"Dustin Marshall","1973-05-14","Male",23
84,84,"David Young","1984-03-25","Male",26
85,85,"Jennifer Mason","1995-02-24","Female",20
86,86,"Jill Miller","1965-02-26","Female",11
87,87,"Scott Keller","1968-03-12","Male",41
88,88,"Blake Lawson","1982-01-21","Male",36
89,89,"Thomas Kaiser","1973-12-29","Male",32
90,90,"Stephen Cunningham","1964-10-29","Male",22
91,91,"Lauren Contreras","1997-02-27","Female",44
92,92,"Tamara Franklin","2001-12-10","Female",26
93,93,"Gabriel Shields","1984-05-06","Male",17
94,94,"Paula Myers","2002-04-21","Female",42
95,95,"Victoria York","1968-04-02","Female",26
96,96,"Amy Long","1984-12-30","Female",10
97,97,"Dalton Mays","1991-07-13","Male",19
98,98,"Jamie Sanders","1985-04-14","Female",6
99,99,"Shannon Liu","1993-09-29","Female",39
100,100,"Jeffrey Shepard","1964-03-13","Male",2
101,101,"David Harrison","1966-07-11","Male",9
102,102,"Jennifer Gillespie","1965-04-07","Female",41
103,103,"Joshua Lee","1972-11-22","Male",18
104,104,"Stephen Ruiz","1988-09-25","Male",27
105,105,"Amy Williams","1970-01-03","Female",32
106,106,"Michael Collier","1999-07-14","Male",46
107,107,"Caroline Riley","1976-01-12","Female",49
108,108,"Robert Curtis","1995-01-07","Male",50
109,109,"Gregg Dunn","1965-03-02","Male",33
110,110,"Curtis Hunt","1992-06-15","Male",37
111,111,"David Bradley","1996-10-31","Male",29
112,112,"Ann Hopkins","1988-10-01","Female",26
113,113,"Martin Wu","2002-10-17","Male",38
114,114,"Meredith Fisher","2001-03-06","Female",13
115,115,"Jake Romero","1985-09-20","Male",5
116,116,"Cheryl Peterson","1964-05-04","Female",8
117,117,"Kelly Lynch","1996-03-04","Female",50
118,118,"John Hicks","1962-12-23","Male",1
119,119,"James Williams","1993-09-19","Male",30
120,120,"Gina Martin","2001-10-30","Female",36
121,121,"Chelsea Obrien","1955-10-07","Female",24
122,122,"Mary Powers","1981-12-27","Female",17
123,123,"Heidi Salinas","2000-08-01","Female",5
124,124,"Andrea Silva","1988-05-26","Female",9
125,125,"Bradley Tran","1958-04-24","Male",3
126,126,"Scott Leonard","1963-03-22","Male",9
127,127,"Benjamin Cox","1970-02-08","Male",30
128,128,"Lori Silva","1987-03-25","Female",19
129,129,"Gary Fitzgerald","2001-04-02","Male",46
130,130,"Paul Smith","1973-11-13","Male",37
131,131,"Richard Branch","1957-01-01","Male",8
132,132,"Joseph Arnold","1957-08-13","Male",8
133,133,"Nancy Velazquez","1957-02-25","Female",50
134,134,"Donald Jones","1994-06-23","Male",49
135,135,"Richard Joseph","1967-02-06","Male",5
136,136,"Derrick Sawyer","1973-06-17","Male",31
137,137,"Ryan Guzman","1963-05-08","Male",12
138,138,"Kristen Downs","1970-08-31","Female",14
139,139,"Ann Roman","1961-07-24","Female",46
140,140,"Michelle Johnson","1978-08-16","Female",50
141,141,"James Wright","1990-03-03","Male",7
142,142,"Kendra Parks","1983-07-30","Female",4
143,143,"Michelle Ramos","1995-08-04","Female",31
144,144,"William Phillips","1970-06-02","Male",41
145,145,"Terry Glass","1986-08-26","Male",29
146,146,"Angelica Hoffman","1973-04-04","Female",25
147,147,"Kathleen Jordan","1978-05-29","Female",16
148,148,"Joseph Rosario","1999-03-17","Male",8
149,149,"Julia Harrell","1957-10-08","Female",34
150,150,"David Moore","1988-08-15","Male",28
151,151,"Gloria Kim","2001-12-28","Female",9
152,152,"Mandy Meyer","1992-11-24","Female",4
153,153,"Jordan Stewart","1981-09-07","Male",9
154,154,"Paul Paul","1967-01-04","Male",48
155,155,"Linda Carroll","1965-10-10","Female",35
156,156,"Robert Johnson","1979-01-31","Male",32
157,157,"Erin Jordan","1988-09-26","Female",17
158,158,"Kenneth Miller","1957-07-08","Male",26
159,159,"Lisa Orr","1963-04-21","Female",18
160,160,"James Smith","1994-03-08","Male",42
161,161,"Kristie Reynolds","1982-06-23","Female",4
162,162,"Kevin Hernandez","1984-01-11","Male",34
163,163,"Cathy Mccoy","1992-07-24","Female",41
164,164,"Sarah Harrison","1989-11-09","Female",47
165,165,"Heather Lopez","1965-09-18","Female",9
166,166,"Jeffrey Johnson","1983-05-14","Male",10
167,167,"Shawn Ortiz","1960-12-19","Male",33
168,168,"Brent Booker","1989-02-06","Male",10
169,169,"Henry Dominguez","1961-09-13","Male",21
170,170,"Donald Sellers","2002-04-18","Male",6
171,171,"Shannon Collins","1972-06-28","Female",4
172,172,"Thomas Moore","1963-01-29","Male",35
173,173,"Daniel Williams","1987-03-06","Male",23
174,174,"Tamara Reeves","1968-08-20","Female",48
175,175,"Danielle Lane","1969-07-13","Female",2
176,176,"Teresa Vasquez","1967-05-14","Female",19
177,177,"Alexander Butler","1965-12-30","Male",35
178,178,"James Smith","2002-03-19","Male",17
179,179,"Katherine Jones","1970-09-04","Female",3
180,180,"Samuel Beard","1968-04-08","Male",18
181,181,"Patricia Hale","1987-11-20","Female",46
182,182,"Katie Carlson","2002-06-03","Female",45
183,183,"Thomas Taylor","1981-06-06","Male",48
184,184,"Connor Boyer","1990-05-19","Male",13
185,185,"Sharon Hutchinson","1962-06-24","Female",41
186,186,"Ashley Lee","1989-07-08","Female",39
187,187,"Joshua Perry","1989-01-31","Male",24
188,188,"Richard Harrison","1984-06-30","Male",8
189,189,"Jennifer Herring","1981-03-24","Female",23
190,190,"Alicia Stephens","1993-08-18","Female",45
191,191,"Shawna Sutton","1994-04-15","Female",45
192,192,"Dana Thomas","1997-07-25","Female",35
193,193,"Lori Wright","1973-09-25","Female",34
194,194,"Cassandra Moore","1999-02-02","Female",13
195,195,"Steven Vasquez","1973-04-22","Male",43
196,196,"Kristin Wilkins","1961-06-18","Female",6
197,197,"Glenn Williams","1993-09-20","Male",9
198,198,"Adam Lara","1960-07-03","Male",13
199,199,"Daryl Collins","1965-02-10","Male",44
200,200,"Amber Kennedy","1993-11-05","Female",31
201,201,"Melissa Kent","1974-07-31","Female",24
202,202,"Tyler Martin","1975-11-14","Male",4
203,203,"Melissa Drake","1990-11-11","Female",42
204,204,"John Smith","1989-02-12","Male",34
205,205,"Sarah Bishop","1968-12-27","Female",7
206,206,"Elizabeth Beasley","1963-04-15","Female",47
207,207,"Yvonne Mahoney","1982-12-15","Female",13
208,208,"Dana Armstrong","1975-08-03","Female",8
209,209,"Lisa Donovan","1980-01-05","Female",27
210,210,"Jeffery Smith","1959-11-22","Male",11
211,211,"Heather Perry","1974-10-16","Female",25
212,212,"Susan Francis","1963-08-25","Female",27
213,213,"Nicholas Flowers","1987-02-28","Male",41
214,214,"Tommy Wilson","1995-08-05","Male",14
215,215,"Sarah Patel","1967-12-28","Female",23
216,216,"Michael Martinez","1982-04-12","Male",11
217,217,"Elizabeth Smith","1964-07-30","Female",36
218,218,"Mark Stone","1969-12-27","Male",3
219,219,"Sarah Rowe","1979-08-07","Female",25
220,220,"Terry Davis","1991-04-18","Male",2
221,221,"Kayla Richardson","1971-03-24","Female",42
222,222,"Taylor Browning","1983-03-28","Female",45
223,223,"Carmen Gamble","1969-06-30","Female",32
224,224,"Lisa Young","1982-12-11","Female",15
225,225,"Kurt Leon","1995-07-07","Male",47
226,226,"Eric Rice","1997-08-16","Male",23
227,227,"Christopher Rice","1960-05-06","Male",47
228,228,"Joseph Ramirez","1984-10-21","Male",39
229,229,"Ashley Gray","1956-02-29","Female",19
230,230,"Casey Miller","1995-05-04","Female",10
231,231,"Patricia Jacobson","1980-07-29","Female",12
232,232,"Lawrence Nichols","1979-10-07","Male",20
233,233,"Carol Vazquez","1992-02-06","Female",3
234,234,"Veronica Foster","1997-12-27","Female",3
235,235,"Amanda Phillips","1986-01-26","Female",29
236,236,"Billy Haney","1961-04-10","Male",29
237,237,"Noah Obrien","1970-03-28","Male",41
238,238,"Mark Nelson","1975-11-21","Male",14
239,239,"Laura Calderon","1991-12-26","Female",44
240,240,"Marie Coleman","1989-12-16","Female",8
241,241,"Jacob Day","1972-01-05","Male",26
242,242,"Benjamin Oliver","1989-05-25","Male",44
243,243,"Joyce Wolfe","1988-04-03","Female",35
244,244,"Zachary Gould","1971-05-13","Male",45
245,245,"Nicole Miller","1974-02-12","Female",47
246,246,"Alexander Trevino","1976-09-22","Male",40
247,247,"Pam Bond","1969-04-24","Female",27
248,248,"Kelly Carter","1983-01-31","Female",3
249,249,"Robert Patel","1996-11-25","Male",31
250,250,"Dawn Wilson","2001-01-19","Female",5
251,251,"Patricia Moore","1956-08-27","Female",45
252,252,"Jerry Nolan","1987-05-06","Male",10
253,253,"Pamela Mitchell","2000-01-11","Female",43
254,254,"Melinda Payne","1964-11-08","Female",40
255,255,"Rachel Pennington","1979-04-16","Female",9
256,256,"Kathy Howell","2000-07-20","Female",33
257,257,"Diana Jones","1984-08-24","Female",38
258,258,"Leslie Velasquez","1994-02-23","Female",5
259,259,"Taylor Martin","1960-12-12","Male",44
260,260,"Jennifer Young","1993-06-26","Female",42
261,261,"Mark Crawford","1980-03-30","Male",33
262,262,"Teresa Rivera","1966-10-17","Female",29
263,263,"Rachel Nielsen","1987-03-27","Female",41
264,264,"Martha Simmons","1997-03-12","Female",15
265,265,"Samantha Smith","1982-11-17","Female",24
266,266,"Bryan Guerrero","1985-05-10","Male",11
267,267,"Michael Taylor","1998-11-30","Male",10
268,268,"Colleen Higgins","1958-01-18","Female",27
269,269,"Nicole Barr","2002-10-29","Female",5
270,270,"William Kidd","1963-06-17","Male",33
271,271,"Catherine Williams","1988-08-15","Female",12
272,272,"Johnny Byrd","1979-03-18","Male",9
273,273,"Stephen Torres","1989-04-15","Male",25
274,274,"Sharon Fernandez","1968-09-08","Female",42
275,275,"Edward Andrews","1976-11-09","Male",49
276,276,"Emily Hawkins","1962-02-09","Female",23
277,277,"Lisa Davis","1982-01-26","Female",34
278,278,"Randy Mcdowell","1993-02-24","Male",41
279,279,"Melissa Johnson","1982-07-28","Female",16
280,280,"Crystal Yoder","1977-11-21","Female",46
281,281,"Christopher Brown","1993-12-28","Male",45
282,282,"Keith Decker","1983-02-03","Male",45
283,283,"David Lopez","1961-04-11","Male",29
284,284,"Diane Davis","1983-12-14","Female",48
285,285,"Jamie Harris","1977-03-26","Female",15
286,286,"Gloria Ruiz","1994-12-24","Female",5
287,287,"Charles Brown","1987-03-31","Male",37
288,288,"Nathan Costa","1999-07-25","Male",12
289,289,"Tyler Schneider","1995-05-08","Male",2
290,290,"Ian Ward","1980-03-22","Male",47
291,291,"Erik Manning","1999-08-21","Male",7
292,292,"Patrick Mendez","1996-04-13","Male",3
293,293,"Heather Dennis","1983-01-12","Female",33
294,294,"Christina Taylor","1975-06-22","Female",23
295,295,"Logan Weiss","1956-04-16","Male",46
296,296,"Jacqueline Solomon","1997-03-09","Female",14
297,297,"Nicole Sharp","1959-05-04","Female",2
298,298,"Lisa Barron","1962-06-19","Female",29
299,299,"Collin Cannon","1990-02-27","Male",38
300,300,"Christina Cox","2001-04-16","Female",39
301,301,"Angela Molina","1975-04-13","Female",4
302,302,"Nicole Brown","1981-08-18","Female",36
303,303,"Erik Williams","2000-11-11","Male",43
304,304,"Daniel Bennett","1981-10-05","Male",42
305,305,"Chad Hall","1979-01-31","Male",33
306,306,"Brian Gibson","1961-04-05","Male",13
307,307,"Brooke Griffin","1972-10-28","Female",35
308,308,"Lawrence Taylor","1968-06-26","Male",5
309,309,"Nicole Sanchez","1991-05-27","Female",33
310,310,"Alex Manning","1976-05-23","Male",48
311,311,"Christopher Yates","1984-09-09","Male",32
312,312,"David Moore","1975-05-11","Male",26
313,313,"Jennifer Mcfarland","1969-06-25","Female",35
314,314,"Jared Williams","1975-09-13","Male",45
315,315,"Alicia Johnson","1963-09-03","Female",32
316,316,"Joseph Bailey","1993-07-18","Male",13
317,317,"Kimberly Anderson","2003-03-13","Female",6
318,318,"Clarence Thompson","1986-06-17","Male",49
319,319,"Katherine Gutierrez","1997-05-20","Female",11
320,320,"Elizabeth Perez","1960-10-15","Female",22
321,321,"Monique Bridges","1971-07-11","Female",25
322,322,"Cheryl Hanson","1966-12-22","Female",8
323,323,"Jacob Rodriguez","1978-12-16","Male",19
324,324,"Danielle Castillo","1995-08-03","Female",46
325,325,"Melissa Perry","1968-12-15","Female",46
326,326,"Henry Woodward","1961-11-07","Male",29
327,327,"Mitchell Martin","2001-05-21","Male",43
328,328,"Laura Mayo","1984-05-12","Female",37
329,329,"Ryan Miles","1961-06-01","Male",33
330,330,"Jennifer Murphy","1998-01-23","Female",19
331,331,"Jeffrey Jackson","1964-02-22","Male",15
332,332,"Corey Pace","1982-01-17","Male",44
333,333,"Carlos Jensen","1983-01-09","Male",35
334,334,"James Adams","1981-05-22","Male",36
335,335,"Stephanie Hicks","1955-12-14","Female",26
336,336,"Lisa Clarke","1998-01-11","Female",17
337,337,"Taylor Grant","1959-10-02","Female",27
338,338,"Bernard Ochoa","1997-11-11","Male",15
339,339,"Patricia Morrow","1957-11-08","Female",10
340,340,"Matthew Johnson","1973-04-17","Male",7
341,341,"Tina Moore","1997-01-24","Female",34
342,342,"Craig Nichols","1970-10-26","Male",4
343,343,"Lauren Jackson","1987-04-25","Female",16
344,344,"Emily Diaz","1973-01-15","Female",20
345,345,"Bryan Hanna","2003-05-26","Male",46
346,346,"Susan Patel","1980-07-28","Female",48
347,347,"Samantha Robbins","1958-10-30","Female",15
348,348,"Jennifer Malone","1974-12-31","Female",35
349,349,"Alex Thompson","1962-05-03","Male",46
350,350,"Julie Krause","1975-11-09","Female",30
351,351,"Devin Howard","1984-07-15","Male",12
352,352,"Monique Doyle","1969-10-15","Female",17
353,353,"Matthew Nielsen","1985-02-03","Male",34
354,354,"Charlotte Smith","1997-05-23","Female",20
355,355,"Christian Wong","1958-02-18","Male",34
356,356,"Dustin Anderson","1995-02-02","Male",25
357,357,"Kayla Williams","1960-04-17","Female",36
358,358,"Jason Shaw","1964-01-27","Male",17
359,359,"Michelle Schroeder","1991-11-01","Female",10
360,360,"Kristi Smith","1997-06-06","Female",50
361,361,"Dawn Wells","2001-08-17","Female",1
362,362,"John Butler","1995-01-13","Male",12
363,363,"Amy Taylor","1958-08-03","Female",36
364,364,"Kimberly Tanner","1998-11-16","Female",48
365,365,"Lisa Burch","1994-12-20","Female",49
366,366,"John Bailey","1993-04-09","Male",23
367,367,"Jason Malone","1989-05-25","Male",43
368,368,"Ashley Butler","1995-08-03","Female",14
369,369,"Amy Patrick","1972-07-02","Female",11
370,370,"Ashley King","1965-03-21","Female",7
371,371,"Jackson Schneider","1960-08-13","Male",38
372,372,"Patrick Hernandez","1988-07-15","Male",9
373,373,"Michael Johnson","1993-02-15","Male",39
374,374,"Tracy Hodge","1976-04-02","Female",30
375,375,"Christina Lee","1976-06-26","Female",25
376,376,"Jonathan Haynes","1996-11-22","Male",47
377,377,"Justin Zhang","1998-12-12","Male",16
378,378,"William Warner","1993-10-10","Male",30
379,379,"Cindy Wheeler","1958-08-12","Female",21
380,380,"Sara Roberts","1979-11-20","Female",19
381,381,"Marvin Jordan","1986-02-13","Male",33
382,382,"Colleen Montgomery","1958-11-14","Female",32
383,383,"Samantha Miller","1974-12-12","Female",25
384,384,"Sharon Fisher","1986-04-20","Female",9
385,385,"William Kaufman","1977-10-26","Male",3
386,386,"Terry Carter","1991-08-31","Male",34
387,387,"Catherine Armstrong","1983-02-07","Female",39
388,388,"Eric Griffin","2002-04-25","Male",33
389,389,"Erica Mccann","1965-03-08","Female",21
390,390,"Jim Vincent","2000-04-26","Male",47
391,391,"Kevin Chapman","1977-07-19","Male",47
392,392,"Deanna Greene","1984-10-06","Female",5
393,393,"Robert Smith","1996-11-26","Male",1
394,394,"Ronnie Lewis","1996-12-24","Male",43
395,395,"Nathan Wong","1967-04-30","Male",46
396,396,"Melvin Parsons","1973-05-16","Male",44
397,397,"Brian Wright","1965-03-07","Male",3
398,398,"Barbara Burns","1996-07-03","Female",8
399,399,"Barbara Davis","1994-06-09","Female",21
400,400,"Cameron Graves","1998-10-12","Male",9
401,401,"Megan Ramirez","1966-09-15","Female",25
402,402,"Angela Mann","1995-06-13","Female",18
403,403,"Christopher Walker","1958-12-16","Male",44
404,404,"Diane Hall","1979-04-05","Female",21
405,405,"Tammy Carpenter","1969-12-01","Female",47
406,406,"Randall House","1973-03-30","Male",45
407,407,"Jimmy Anderson","1961-07-24","Male",11
408,408,"Thomas Conner","1957-12-11","Male",35
409,409,"Adam Stone","1998-03-17","Male",44
410,410,"Barbara Mitchell","1978-06-02","Female",5
411,411,"April Mcgee","1960-05-19","Female",29
412,412,"Cathy Jones","2001-09-26","Female",23
413,413,"Michael Pace","1994-01-21","Male",16
414,414,"Jesse Lawrence","1989-05-20","Male",17
415,415,"Kellie Dixon","1964-11-02","Female",48
416,416,"Richard Johnson","1974-11-22","Male",38
417,417,"Joseph Williams","1962-01-25","Male",1
418,418,"Kimberly Nunez","1964-01-25","Female",39
419,419,"Jason Kramer","1966-10-18","Male",22
420,420,"Rhonda Anderson","1975-04-24","Female",20
421,421,"Angela Rios","1958-12-03","Female",25
422,422,"Joshua Thompson","1977-04-16","Male",50
423,423,"Karen Pittman","1964-03-29","Female",10
424,424,"Janet Flynn","1970-04-29","Female",15
425,425,"Johnny Allen","1973-11-21","Male",18
426,426,"Donna Richardson","1997-06-14","Female",14
427,427,"Michael Martin","1986-01-25","Male",21
428,428,"Joseph Duffy","1966-04-04","Male",20
429,429,"Donald Bartlett","1957-09-03","Male",34
430,430,"Kelly Sanchez","1986-11-29","Female",39
431,431,"Abigail Keller","1993-12-09","Female",9
432,432,"Melissa Watson","1967-08-28","Female",26
433,433,"Carol Hall","1982-11-15","Female",37
434,434,"Nathan Avery","1992-05-11","Male",25
435,435,"Deanna Howell","1972-06-27","Female",14
436,436,"Bradley Ruiz","1971-12-03","Male",6
437,437,"Virginia Miller","1970-08-22","Female",22
438,438,"Kelsey Rivers","1993-04-16","Female",46
439,439,"Belinda Wagner","1966-08-30","Female",38
440,440,"Nicole Gibson","1990-10-22","Female",3
441,441,"Kimberly Curry","2002-07-06","Female",18
442,442,"David Jones","2002-05-21","Male",5
443,443,"Robert Campos","1965-11-21","Male",1
444,444,"Jean Wolfe","1959-02-11","Female",37
445,445,"Mary Salinas","1966-11-01","Female",18
446,446,"Greg Smith","1967-07-13","Male",35
447,447,"Glenn Stone","2002-12-08","Male",5
448,448,"Heather Mcneil","1987-08-10","Female",21
449,449,"Christopher Garcia","1990-11-05","Male",20
450,450,"Lauren Brooks","1971-05-24","Female",36
451,451,"Haley Hall","1990-04-16","Female",23
452,452,"Lisa Johnson","1984-06-11","Female",4
453,453,"Dave Parrish","1980-09-21","Male",26
454,454,"Kristen Martinez","1995-10-18","Female",50
455,455,"Alison Keller","1958-09-06","Female",18
456,456,"Oscar Nelson","1963-03-31","Male",5
457,457,"Renee Palmer","1979-10-04","Female",29
458,458,"Gabriel Thompson","1986-11-14","Male",27
459,459,"Kenneth Whitehead","1999-01-30","Male",20
460,460,"Seth Bradley","1976-07-12","Male",33
461,461,"Danielle Cox","1973-08-13","Female",50
462,462,"Charles Jensen","1959-08-29","Male",9
463,463,"Jessica Morgan","1977-10-22","Female",28
464,464,"Amanda Roman","1958-08-05","Female",15
465,465,"Timothy Bell","1986-11-23","Male",3
466,466,"Michelle Morgan","1966-09-06","Female",36
467,467,"Luis Moody","1968-04-28","Male",3
468,468,"Brent Velasquez","1975-07-29","Male",31
469,469,"Jeanette Burgess","1986-07-07","Female",12
470,470,"Richard Horn","1981-11-01","Male",3
471,471,"Brian Boone","1990-08-14","Male",8
472,472,"Kimberly Gonzalez","1992-02-19","Female",16
473,473,"Kara Garcia","1987-11-30","Female",31
474,474,"Kathleen Nichols","1966-03-19","Female",19
475,475,"Peter Weiss","1960-12-07","Male",39
476,476,"Lori Parks","1964-05-19","Female",20
477,477,"Joanna Adams","1986-12-11","Female",29
478,478,"Mark Johnson","1965-10-14","Male",35
479,479,"Marie Henson","1969-11-28","Female",30
480,480,"Sherry Green","1995-11-04","Female",12
481,481,"Eric Howard","1999-01-15","Male",35
482,482,"Geoffrey Boyd","1979-02-27","Male",9
483,483,"Samuel Hutchinson","1986-02-26","Male",5
484,484,"Mary Hill","1988-03-23","Female",22
485,485,"Anna Beck","1959-09-10","Female",19
486,486,"Steven Strickland","1964-12-09","Male",50
487,487,"Michael Jones","1965-07-15","Male",49
488,488,"Tammy Jordan","1967-05-04","Female",35
489,489,"William Crawford","1991-12-21","Male",8
490,490,"Destiny Jones","1983-10-21","Female",42
491,491,"David Gonzales","1961-03-11","Male",47
492,492,"Andrea Kim","1962-03-12","Female",41
493,493,"Joseph Salazar","1987-11-19","Male",22
494,494,"Jessica Thomas","1994-11-20","Female",28
495,495,"Stephanie Jordan","1972-08-06","Female",26
496,496,"Susan Allen","1959-11-04","Female",42
497,497,"Sarah Hanson","1997-08-15","Female",34
498,498,"Matthew Hopkins","1971-08-01","Male",8
499,499,"Jamie Wilson","1958-05-24","Female",38
500,500,"Alexander Freeman","1969-08-17","Male",24
501,501,"Kevin Martin","1958-06-08","Male",33
502,502,"Jeffrey Brown","1968-02-19","Male",34
503,503,"Gregory Terry","1999-06-23","Male",31
504,504,"Robert Cooper","1971-05-08","Male",30
505,505,"Ryan Young","2001-07-29","Male",39
506,506,"Ronald Acevedo","1992-10-27","Male",29
507,507,"Timothy Murphy","1957-01-01","Male",23
508,508,"Kyle White","1988-06-07","Male",14
509,509,"Amanda Hudson","1967-07-02","Female",32
510,510,"Jennifer Hernandez","1997-12-18","Female",39
511,511,"Jordan Hudson","1966-08-27","Male",12
512,512,"Danny Frost","1987-10-04","Male",25
513,513,"Samantha Price","1968-04-13","Female",46
514,514,"Valerie Graves","1985-02-05","Female",37
515,515,"Jesus Rodriguez","1965-10-20","Male",29
516,516,"Michael Fuller","1962-12-02","Male",39
517,517,"Jennifer Cardenas","1981-02-14","Female",35
518,518,"Steven Soto","1986-05-26","Male",29
519,519,"Kelsey Olsen","1974-01-05","Female",40
520,520,"Justin Hale","1962-07-21","Male",27
521,521,"Rose Everett","1969-03-17","Female",3
522,522,"Stephanie Gillespie","1980-07-12","Female",20
523,523,"Samantha Dudley","1966-03-08","Female",2
524,524,"Lori Chapman","1991-03-08","Female",2
525,525,"George Herrera","1963-07-10","Male",5
526,526,"Jason Norman","1985-08-24","Male",6
527,527,"Diana Allison","1998-03-13","Female",38
528,528,"Sandra Reynolds","1994-07-18","Female",2
529,529,"Katelyn Harvey","1978-01-25","Female",35
530,530,"Jared Jackson","1972-10-13","Male",11
531,531,"Vanessa Church","1979-05-22","Female",4
532,532,"Brian Parks","1981-08-25","Male",21
533,533,"Brian Harper","1957-04-05","Male",50
534,534,"Joseph Craig","1957-05-20","Male",15
535,535,"Duane Mcdaniel","1970-10-25","Male",31
536,536,"Jessica Palmer","1988-08-02","Female",17
537,537,"Kelsey Scott","1987-07-12","Female",15
538,538,"Sharon Jimenez","2002-06-21","Female",30
539,539,"Lynn Johnson","1977-01-24","Female",40
540,540,"Julie Fernandez","1996-01-04","Female",39
541,541,"Stephen Miller","1959-12-30","Male",5
542,542,"Virginia Bentley","1995-05-08","Female",38
543,543,"Justin Rodgers","1966-05-11","Male",7
544,544,"Jenna Hunt","1989-04-06","Female",30
545,545,"James Bowers","1988-05-16","Male",10
546,546,"Stephanie Campbell","1965-04-16","Female",22
547,547,"Cheryl Schwartz","1995-03-03","Female",35
548,548,"David Cox","1967-07-28","Male",7
549,549,"Peter Jensen","1965-06-15","Male",28
550,550,"Timothy Maldonado","1969-06-21","Male",24
551,551,"Crystal Coleman","1970-09-06","Female",2
552,552,"Cassandra Vaughan","1968-05-23","Female",35
553,553,"Gabriella Ayala","1977-05-26","Female",17
554,554,"Jennifer Johnson","1989-07-30","Female",25
555,555,"Peggy Riggs","1976-07-17","Female",6
556,556,"Brenda Francis","1979-01-13","Female",27
557,557,"James Hernandez","1981-12-26","Male",13
558,558,"Brittany Gonzalez","1976-07-29","Female",14
559,559,"Billy Davidson","1980-04-02","Male",37
560,560,"Alan Murphy","1975-06-18","Male",44
561,561,"David Moore","1970-09-26","Male",31
562,562,"Philip Gallagher","1975-10-21","Male",27
563,563,"Kim Henry","1987-03-07","Female",2
564,564,"Johnny Gross","1979-03-29","Male",3
565,565,"Christy Ortiz","1968-10-18","Female",31
566,566,"Andrea Clark","1982-04-24","Female",22
567,567,"Joel Short","1987-08-28","Male",21
568,568,"Veronica Martin","1997-01-24","Female",25
569,569,"Melanie Lopez","1955-12-29","Female",41
570,570,"James Cunningham","1979-01-06","Male",47
571,571,"Robert Smith","2003-06-26","Male",26
572,572,"Heather Roach","1977-05-31","Female",23
573,573,"Wesley Myers","1959-10-25","Male",38
574,574,"Melissa Smith","1970-04-01","Female",47
575,575,"Lawrence Morales","1983-09-29","Male",11
576,576,"Linda Gonzalez","1983-09-05","Female",8
577,577,"Andrea Tucker","1968-02-01","Female",14
578,578,"Anita Hunter","1968-02-17","Female",48
579,579,"Warren Mills","1981-01-06","Male",35
580,580,"Linda Valencia","1992-08-21","Female",29
581,581,"Devin Morales","1979-08-10","Male",44
582,582,"Lori Phillips","1956-05-28","Female",10
583,583,"Matthew Jackson","1967-05-03","Male",27
584,584,"Michael Wood","1993-08-10","Male",49
585,585,"Michael Martinez","1958-10-13","Male",28
586,586,"Debra Ray","1987-07-13","Female",36
587,587,"Brandon Davis","1997-06-14","Male",3
588,588,"Morgan Russell","1978-06-21","Female",41
589,589,"Renee Armstrong","1965-05-29","Female",5
590,590,"Stephen Butler","1998-05-15","Male",5
591,591,"Andrew Miller","1996-01-16","Male",23
592,592,"Steven Gonzalez","1977-02-18","Male",36
593,593,"Amber Buck","1963-11-18","Female",12
594,594,"Richard Simon","1960-09-05","Male",46
595,595,"Jennifer Reyes","1966-12-09","Female",43
596,596,"Brenda Henry","1977-07-28","Female",33
597,597,"Charles Gonzalez","1980-04-02","Male",25
598,598,"Hannah Ho","1990-05-25","Female",41
599,599,"Jessica Parker","1986-09-05","Female",30
600,600,"Christopher Garner","1977-08-19","Male",9
601,601,"Derek Hoover","2002-11-26","Male",16
602,602,"Robert Hill","1996-10-02","Male",26
603,603,"Heather Parks","1980-10-24","Female",26
604,604,"Bruce Moore","2000-10-12","Male",2
605,605,"John Cooper","1998-01-11","Male",44
606,606,"Brandon Lee","1958-08-29","Male",50
607,607,"Leslie Morris","1972-06-17","Male",24
608,608,"Jennifer Aguilar","1992-05-08","Female",43
609,609,"Leah Pena","1958-08-15","Female",13
610,610,"Stephen Martin","1970-06-09","Male",38
611,611,"Jason Baxter","1984-08-04","Male",44
612,612,"Tracey Wise","1968-06-07","Female",36
613,613,"Richard Williams","2001-02-10","Male",34
614,614,"Alejandro Jordan","1967-01-09","Male",17
615,615,"Richard Hernandez","2002-05-08","Male",28
616,616,"Tyler Martin","1965-10-04","Male",41
617,617,"Linda Wiley","1981-05-22","Female",25
618,618,"Jacob Erickson","1982-05-17","Male",40
619,619,"Daniel Jackson","1956-04-29","Male",21
620,620,"Sarah Smith","1975-08-23","Female",24
621,621,"Jodi Ray","1966-02-18","Female",49
622,622,"Pamela Martinez","1965-08-31","Female",32
623,623,"Dustin Rose","1980-11-29","Male",17
624,624,"Eric Smith","1995-02-05","Male",26
625,625,"Dean Cooper","1988-02-16","Male",8
626,626,"Stephanie Franco","1985-03-27","Female",31
627,627,"Jason Richardson","1970-06-03","Male",43
628,628,"George Pittman","2001-12-08","Male",6
629,629,"Wendy Fuentes","2002-11-02","Female",15
630,630,"Devon Brown","1972-05-26","Male",48
631,631,"Kristina Garcia","1982-12-27","Female",6
632,632,"Chloe Gomez","1998-09-21","Female",49
633,633,"Jeffery Ray","2000-06-27","Male",11
634,634,"Jonathan Lee","1986-03-29","Male",35
635,635,"Bruce Santiago","1977-09-11","Male",10
636,636,"Dominique Scott","1960-01-29","Female",12
637,637,"Tina Delacruz","1998-03-12","Female",15
638,638,"Chad Smith","1997-12-03","Male",22
639,639,"Dana Hernandez","1967-05-22","Female",6
640,640,"Kimberly Adkins","1985-09-29","Female",45
641,641,"Jeffery Alvarez","1990-02-12","Male",9
642,642,"Lee Goodwin","1981-01-21","Male",49
643,643,"Eric Rogers","1996-12-16","Male",38
644,644,"Timothy Mills","1975-06-12","Male",28
645,645,"Amy Chan","2000-01-15","Female",4
646,646,"Aaron Medina","1996-08-27","Male",5
647,647,"Jonathan Martin","1957-06-19","Male",16
648,648,"Roger Oconnor","1988-12-23","Male",42
649,649,"Joseph Patrick","1988-03-14","Male",42
650,650,"Christopher Bean","1965-08-12","Male",49
651,651,"Peter Elliott","1965-08-11","Male",37
652,652,"Christian Austin","1968-09-05","Male",19
653,653,"Robert Powell","1977-02-04","Male",40
654,654,"Jeffrey Thomas","1972-10-11","Male",34
655,655,"James Jones","1972-08-07","Male",34
656,656,"Theresa Cox","1979-12-19","Female",39
657,657,"Tonya Bennett","1967-11-17","Female",11
658,658,"Kelly Bowers","1963-08-21","Female",11
659,659,"Mary Jenkins","1993-03-05","Female",9
660,660,"James Flores","1988-04-08","Male",9
661,661,"Andrea Nguyen","1982-01-19","Female",39
662,662,"Barbara Dennis","1991-10-10","Female",40
663,663,"Rose Mcpherson","1999-01-23","Female",6
664,664,"Nicole Williams","1997-09-09","Female",50
665,665,"Amy Nielsen","1967-01-26","Female",16
666,666,"Elizabeth Riggs","1996-12-31","Female",42
667,667,"Nancy Smith","1973-03-05","Female",28
668,668,"Seth Torres","1992-11-07","Male",20
669,669,"Michael Butler","1963-11-14","Male",13
670,670,"Sean Kelley","1965-09-25","Male",8
671,671,"Mark Ellis","1978-11-02","Male",5
672,672,"Elizabeth Boyle","1994-05-10","Female",10
673,673,"Joseph Henderson","1960-03-31","Male",31
674,674,"Lauren Galvan","1996-09-04","Female",25
675,675,"Jeffrey Boyd","1987-03-23","Male",40
676,676,"Patrick Huber","1956-09-07","Male",49
677,677,"Michael Warren","1958-05-18","Male",13
678,678,"Morgan Yu","1983-01-11","Female",6
679,679,"Michael Hawkins","2000-01-26","Male",16
680,680,"Paul Graham","1991-06-09","Male",31
681,681,"Peter Dyer","1974-08-21","Male",19
682,682,"Jennifer Clark","1979-07-19","Female",37
683,683,"Melissa Vega","1993-10-14","Female",13
684,684,"Destiny Hall","1962-11-25","Female",49
685,685,"Gregory Vargas","1977-04-23","Male",47
686,686,"Emily Hunter","1966-03-02","Female",15
687,687,"Roberta Howard","1971-08-23","Female",42
688,688,"Robert Trevino","1973-08-31","Male",34
689,689,"Michael Hernandez","2002-01-30","Male",12
690,690,"Sarah Snow","2003-08-19","Female",14
691,691,"Marvin Watts","1960-08-30","Male",12
692,692,"Reginald Butler","1963-06-02","Male",31
693,693,"Brooke Bennett","1973-11-09","Female",27
694,694,"Nathan Davis","1973-10-29","Male",47
695,695,"Chloe Gilbert","1982-01-06","Female",14
696,696,"Jacob Oconnor","1964-02-18","Male",29
697,697,"Robin Wolf","1974-01-10","Female",20
698,698,"Joseph Lee","1956-01-01","Male",40
699,699,"Andre Chapman","2000-05-22","Male",25
700,700,"Edwin Rose","2000-12-28","Male",27
701,701,"Robert Ross","1979-04-15","Male",3
702,702,"Elijah Brown","1980-06-07","Male",44
703,703,"Dennis Miller","1970-11-10","Male",1
704,704,"Joseph Adams","2001-05-01","Male",27
705,705,"Doris Decker","1955-11-19","Female",15
706,706,"John Fuller","1973-06-09","Male",45
707,707,"Derrick Gaines","1988-02-01","Male",27
708,708,"Jason Thompson","1959-11-29","Male",16
709,709,"Kimberly Hopkins","1979-10-15","Female",29
710,710,"Eric Williams","1986-05-24","Male",42
711,711,"Misty Marquez","1960-05-14","Female",29
712,712,"Greg Pena","1978-03-14","Male",5
713,713,"Kathleen Collins","1998-01-09","Female",12
714,714,"Teresa Murphy","1965-05-17","Female",28
715,715,"Sarah Burgess","1990-02-19","Female",12
716,716,"Kelly Williams","1992-01-29","Female",38
717,717,"Emily Zhang","1993-06-26","Female",1
718,718,"Karen Mayo","1968-11-28","Female",43
719,719,"Michelle Hart","2002-12-12","Female",9
720,720,"Chelsea Thomas","1966-11-04","Female",39
721,721,"Jennifer Anderson","1999-02-21","Female",5
722,722,"James Burke","1995-07-17","Male",30
723,723,"Kim Baker","1971-09-18","Female",9
724,724,"Robert Craig","1961-11-16","Male",8
725,725,"Jose Arroyo","1957-05-25","Male",25
726,726,"Steven Baker","1969-05-24","Male",26
727,727,"Michelle Ryan","1990-08-07","Female",21
728,728,"Michael Roberts","1973-12-28","Male",45
729,729,"Paul Hernandez","1979-11-26","Male",1
730,730,"Cindy Briggs","1977-02-02","Female",24
731,731,"Emma Evans","1960-02-08","Female",13
732,732,"Robert Moore","1968-02-19","Male",35
733,733,"Anthony Jenkins","1986-05-28","Male",6
734,734,"Lee Castillo","1983-03-16","Male",20
735,735,"Stephen Ward","1979-12-12","Male",44
736,736,"Tara Burnett","1989-06-18","Female",26
737,737,"John Patterson","1962-04-15","Male",46
738,738,"Angela Jackson","1959-12-22","Female",8
739,739,"Riley Adams","1974-06-30","Male",8
740,740,"Julie Carter","1976-05-28","Female",31
741,741,"Antonio Brown","1977-05-09","Male",37
742,742,"Carlos Smith","1961-03-12","Male",43
743,743,"Kaitlin Moore","1988-08-28","Female",41
744,744,"Jordan Mitchell","1981-03-30","Male",13
745,745,"Heather White","1959-12-14","Female",47
746,746,"Ashley Parks","1991-11-09","Female",31
747,747,"Melissa Roberts","1986-11-29","Female",22
748,748,"Pamela Harrell","1979-10-16","Female",18
749,749,"Danielle Howard","1992-08-21","Female",28
750,750,"Valerie Colon","1965-12-11","Female",16
751,751,"Derek Anderson","1959-12-02","Male",48
752,752,"Jessica Salinas","2001-10-14","Female",37
753,753,"Brian Nelson","1974-11-18","Male",27
754,754,"Hector Roberts","1973-10-31","Male",36
755,755,"Shelley Phillips","1979-10-31","Female",16
756,756,"Micheal Lloyd","1957-07-09","Male",49
757,757,"Kathy Rasmussen","1995-09-11","Female",2
758,758,"Erica Burke","1970-03-20","Female",5
759,759,"Kathleen Sawyer","1995-12-02","Female",40
760,760,"Amy Lee","1995-05-16","Female",15
761,761,"Brenda Church","1977-06-15","Female",42
762,762,"Craig Martinez","1976-10-12","Male",14
763,763,"Michael Walker","1984-12-26","Male",39
764,764,"Logan Jones","1970-04-06","Male",36
765,765,"Richard Santos","1958-03-03","Male",24
766,766,"Ann Johnson","1991-02-11","Female",33
767,767,"Laura Vasquez","1995-04-08","Female",11
768,768,"Randall Miller","1979-10-13","Male",41
769,769,"Hannah Peters","1986-07-31","Female",6
770,770,"Hayley Malone","1957-02-20","Female",9
771,771,"Jeffrey Hurley","1977-05-17","Male",3
772,772,"Megan Hunter","1992-09-10","Female",14
773,773,"Henry Serrano","2003-03-16","Male",17
774,774,"Natasha Peters","1966-03-24","Female",35
775,775,"James Rose","1971-12-07","Male",11
776,776,"Amy Ruiz","1970-12-15","Female",3
777,777,"Doris Rivera","1970-12-04","Female",48
778,778,"Ricky Cox","1960-01-14","Male",49
779,779,"William Mccann","1969-10-26","Male",37
780,780,"Kimberly Williams","1989-03-04","Female",38
781,781,"Jesse Massey","1964-09-12","Male",34
782,782,"Jennifer Garza","1995-11-28","Female",20
783,783,"Cody Rice","1989-07-22","Male",11
784,784,"Karen Reynolds","1973-05-20","Female",33
785,785,"Jeanne Powell","1967-12-26","Female",32
786,786,"Charles Hoover","1959-06-01","Male",11
787,787,"Andrea White","1963-02-02","Female",20
788,788,"Michael Thompson","1988-12-16","Male",36
789,789,"Karen Willis","1973-04-28","Female",15
790,790,"Denise Fox","1978-01-20","Female",32
791,791,"Lucas Nguyen","1999-10-24","Male",31
792,792,"Kelsey Espinoza","1964-10-26","Female",12
793,793,"Joel Wells","1968-01-26","Male",43
794,794,"David Craig","1962-07-13","Male",40
795,795,"Erika Edwards","1981-03-26","Female",34
796,796,"John Martin","1994-03-12","Male",1
797,797,"Ann Richards","1982-08-30","Female",22
798,798,"Jennifer Taylor","1972-08-01","Female",5
799,799,"Cheryl Jackson","1973-07-08","Female",10
800,800,"Evelyn Gray","1997-12-13","Female",45
801,801,"David Williams","1967-10-04","Male",29
802,802,"Michelle Powers","1980-11-03","Female",10
803,803,"Mary Campbell","1985-11-10","Female",44
804,804,"Michael Dodson","1997-12-12","Male",39
805,805,"Mark Wilcox","1985-05-16","Male",11
806,806,"Keith Cruz","1988-07-19","Male",4
807,807,"William Huffman","1982-12-23","Male",38
808,808,"Donald Cherry","2000-08-19","Male",48
809,809,"Jennifer Williams","1967-05-17","Female",3
810,810,"Marvin Patterson","1973-05-05","Male",30
811,811,"Paul Mahoney","1998-10-10","Male",20
812,812,"Olivia Shaffer","1990-07-27","Female",9
813,813,"Joseph Duffy","1989-06-30","Male",20
814,814,"Kristin Hicks","1997-05-27","Female",43
815,815,"Marie Campbell","1962-05-31","Female",36
816,816,"Crystal Cook","1958-02-22","Female",45
817,817,"Ian Ford","1967-12-20","Male",27
818,818,"Christopher Sanchez","1957-10-24","Male",9
819,819,"Amanda Mcclain","1971-10-28","Female",8
820,820,"David Russell","1995-07-29","Male",48
821,821,"Alyssa Crawford","1974-11-01","Female",18
822,822,"Isaac Bell","1989-05-20","Male",39
823,823,"Ashley Rogers","1986-05-01","Female",11
824,824,"Amy Morales","1959-07-07","Female",37
825,825,"Christopher Fernandez","1962-02-16","Male",19
826,826,"Taylor Valdez","1961-09-05","Male",39
827,827,"William Ware","1991-08-19","Male",39
828,828,"Tammie Clark","1956-07-17","Female",50
829,829,"Paul Walsh","1990-04-17","Male",8
830,830,"Denise Parker","2000-10-18","Female",19
831,831,"Kristen Jones","1989-09-03","Female",44
832,832,"Jenny Holmes","1956-10-12","Female",1
833,833,"Christy Garcia","1957-11-12","Female",48
834,834,"Craig Rich","2002-02-03","Male",43
835,835,"Joseph Moore","1960-02-06","Male",27
836,836,"Tonya Edwards","1983-08-09","Female",11
837,837,"Jason Coleman","1957-11-12","Male",17
838,838,"Elizabeth Hall","1978-06-11","Female",1
839,839,"Sharon Schroeder","1976-09-18","Female",35
840,840,"Aaron Lee","1955-11-03","Male",21
841,841,"Christopher Ellis","1980-04-27","Male",13
842,842,"Peter Castro","1975-01-31","Male",25
843,843,"Natasha Brown","1970-01-17","Female",8
844,844,"Rachel Brown","1994-07-26","Female",19
845,845,"Laura Mcpherson","1965-09-24","Female",39
846,846,"Juan Parker","1990-05-03","Male",29
847,847,"Chad Bowers","1969-01-27","Male",46
848,848,"Michael Rodriguez","1958-04-11","Male",32
849,849,"Raymond Liu","1961-04-14","Male",39
850,850,"Carol Silva","2000-10-27","Female",5
851,851,"Maria Carroll","1998-02-26","Female",15
852,852,"Gregory Schneider","1987-10-02","Male",28
853,853,"Jacob Johnson","1993-03-16","Male",36
854,854,"Raymond Smith","1956-12-26","Male",12
855,855,"Stephen Sanders","1962-02-20","Male",9
856,856,"Kelly Hendricks","1984-11-19","Female",17
857,857,"Steven Williams","1960-05-19","Male",50
858,858,"Michele Frank","1973-10-22","Female",50
859,859,"William Edwards","1964-04-08","Male",43
860,860,"Brian Reid","2002-11-22","Male",28
861,861,"Elizabeth Larsen","1957-10-19","Female",43
862,862,"Nancy Young","1999-01-21","Female",45
863,863,"Jennifer Allen","1972-06-23","Female",2
864,864,"Michelle Steele","1957-05-08","Female",43
865,865,"Sara Ellis","1969-10-22","Female",31
866,866,"John Hardy","1983-10-04","Male",14
867,867,"Heather Oconnor","1970-05-14","Female",29
868,868,"Melissa Phillips","1966-07-12","Female",11
869,869,"Mary Todd","1960-03-15","Female",31
870,870,"Rebecca Morris","1985-08-09","Female",13
871,871,"Maria Mitchell","1973-04-16","Female",20
872,872,"John Collins","1972-10-25","Male",27
873,873,"Thomas Cooper","1987-12-07","Male",21
874,874,"Michelle Flores","1972-12-22","Female",19
875,875,"Laura Lopez","1986-01-22","Female",17
876,876,"Jennifer Arnold","1976-06-29","Female",10
877,877,"Ricardo Sweeney","1992-06-14","Male",40
878,878,"Brianna Knox","1998-09-23","Female",45
879,879,"Cassandra Luna","1984-11-01","Female",40
880,880,"Nancy Weiss","1975-01-23","Female",46
881,881,"Samantha Miller","1975-02-05","Female",10
882,882,"Mary Chapman","1973-11-16","Female",3
883,883,"Curtis Neal","1977-04-30","Male",34
884,884,"Jason Marshall","1963-12-13","Male",6
885,885,"Gina Ruiz","1966-10-27","Female",13
886,886,"Clifford Gray","1960-02-20","Male",33
887,887,"Ryan Gilbert","1960-04-10","Male",4
888,888,"William Conner","1968-04-07","Male",34
889,889,"Susan Burke","1985-06-25","Female",44
890,890,"Stephen Phillips","1992-09-11","Male",1
891,891,"Kelly Williams","1977-05-29","Male",29
892,892,"Cynthia Barnes","1961-12-23","Female",45
893,893,"Kelly Brewer","1986-01-09","Female",6
894,894,"Tara Robinson","1957-01-21","Female",28
895,895,"Jeffrey Spears","1968-05-26","Male",1
896,896,"Lynn Daniels","1973-08-17","Female",19
897,897,"Rose Townsend","1957-08-31","Female",33
898,898,"David Lamb","1980-06-20","Male",34
899,899,"Jennifer Johnson","1963-07-03","Female",31
900,900,"Olivia Newman","1960-03-30","Female",43
901,901,"Andrew Odonnell","1973-06-07","Male",49
902,902,"William Middleton","1960-05-18","Male",40
903,903,"Jeanette Chaney","1995-03-11","Female",28
904,904,"Cody Martin","1979-10-05","Male",14
905,905,"Sean Vaughn","1964-05-30","Male",45
906,906,"Rachel Anderson","1955-11-03","Female",25
907,907,"Emily Yates","1986-02-01","Female",39
908,908,"Andrea Mendez","1972-08-16","Female",32
909,909,"Sarah Baldwin","1970-07-24","Female",49
910,910,"Christian Garcia","1955-11-04","Male",13
911,911,"Katie White","1992-03-29","Female",38
912,912,"David Sparks","1973-06-02","Male",13
913,913,"Matthew Carroll","1965-03-31","Male",36
914,914,"Michael Brown","1965-05-14","Male",21
915,915,"Chad Oneill","1966-12-07","Male",37
916,916,"Joseph Hill","1958-09-26","Male",7
917,917,"Stephanie Velazquez","2002-05-09","Female",4
918,918,"Michelle Luna","2001-08-08","Female",47
919,919,"Frank Kennedy","1995-10-30","Male",11
920,920,"Christopher Jones","1989-04-18","Male",15
921,921,"Andre Dennis","1955-09-29","Male",29
922,922,"Allison Cannon","1990-01-06","Female",18
923,923,"Nancy Phillips","2003-06-16","Female",49
924,924,"Scott Weaver","1988-02-17","Male",24
925,925,"Bryan Evans","1962-12-18","Male",47
926,926,"Sarah Rojas","1989-07-10","Female",12
927,927,"Julie Spencer","1992-12-02","Female",3
928,928,"Reginald Ross","1999-02-12","Male",22
929,929,"Carl Thompson","1964-02-16","Male",3
930,930,"Kevin Elliott","1988-02-01","Male",11
931,931,"Andrew Acevedo","1980-05-01","Male",17
932,932,"Christine Henry","1988-10-08","Female",26
933,933,"Carlos Graham","1978-05-21","Male",21
934,934,"Aaron Thompson","1986-01-01","Male",6
935,935,"Crystal Grant","1975-03-24","Female",3
936,936,"Tammy Gonzalez","1995-02-14","Female",21
937,937,"Tony Howard","1963-10-05","Male",5
938,938,"Adrian Mueller","1965-03-24","Male",31
939,939,"Eric Abbott","1975-04-05","Male",21
940,940,"Jeremy Miller","1994-06-26","Male",48
941,941,"Tyler Chapman","1976-01-02","Male",14
942,942,"Ian Hunter","1972-05-19","Male",3
943,943,"Tammy Garcia","1977-04-19","Female",34
944,944,"Chad Adams","1962-12-11","Male",26
945,945,"Hayley Jones","1972-06-25","Female",22
946,946,"George Wood","2003-08-27","Male",11
947,947,"Jennifer Cain","1983-12-18","Female",8
948,948,"Tracy Dickerson","1957-09-03","Female",4
949,949,"James Combs","1962-04-06","Male",7
950,950,"Todd Castillo","1959-12-08","Male",36
951,951,"Daniel Young","1961-03-26","Male",42
952,952,"Angela Fisher","1992-05-10","Female",20
953,953,"Gary Haney","1965-12-26","Male",30
954,954,"Kenneth Moreno","2001-05-17","Male",12
955,955,"Donald Simon","1987-07-29","Male",2
956,956,"Kyle Khan","1990-12-19","Male",14
957,957,"Javier Ray","1976-08-08","Male",26
958,958,"Christina Miller","1981-06-09","Female",28
959,959,"Hannah Smith","1961-01-10","Female",28
960,960,"Luis Evans","1986-12-02","Male",28
961,961,"Cameron Benton","1980-03-05","Male",18
962,962,"Brandy Thomas","1994-07-17","Female",6
963,963,"Edward Browning","1983-06-16","Male",48
964,964,"Ricardo Mcdaniel","1979-04-12","Male",21
965,965,"Matthew Obrien","1970-05-06","Male",44
966,966,"Jeremy Turner","1982-09-28","Male",30
967,967,"Nicole Campbell","1960-01-10","Female",33
968,968,"Lori Sweeney","1977-03-10","Female",29
969,969,"Laurie Campbell","1956-12-25","Female",19
970,970,"John Lee","1970-08-29","Male",44
971,971,"Ashley Burton","1962-03-19","Female",5
972,972,"Lawrence Henderson","1998-10-08","Male",27
973,973,"Meghan Friedman","1990-10-26","Female",28
974,974,"Ashley Bradford","1971-01-11","Female",50
975,975,"Latoya Rivera","1991-10-26","Female",35
976,976,"Brian Jackson","1962-06-17","Male",28
977,977,"Jeffrey Fisher","1968-01-16","Male",10
978,978,"Sarah Rosario","1999-01-19","Female",40
979,979,"Justin Larson","1989-08-27","Male",50
980,980,"Kevin Wilkerson","1975-10-12","Male",16
981,981,"Jesse Jones","1975-12-25","Male",28
982,982,"Robert Dawson","1967-06-12","Male",24
983,983,"Lucas Wheeler","1983-04-25","Male",35
984,984,"Robert Davis","1981-10-15","Male",26
985,985,"Christopher Moore","1961-07-01","Male",27
986,986,"Angela Baker","1991-01-19","Female",37
987,987,"Chad Brown","2002-12-24","Male",15
988,988,"Melissa Kerr","1987-01-19","Female",39
989,989,"Kevin Riley","1977-03-11","Male",18
990,990,"Victoria Green","1992-09-05","Female",26
991,991,"Katelyn Bradford","1987-03-16","Female",15
992,992,"James Kirby","1996-06-04","Male",7
993,993,"Laura Kim","1998-08-25","Female",27
994,994,"Omar Lane","1973-10-16","Male",47
995,995,"Nicholas Long","1987-04-03","Male",40
996,996,"Holly Mora","1962-09-14","Female",46
997,997,"Christine Reese","1986-02-08","Female",19
998,998,"Erica Galloway","1962-08-14","Female",42
999,999,"Nicole Newton","1994-08-10","Female",47
1000,1000,"Kathryn Singh","1994-10-01","Female",31
